Receptor,flg22Pae,flg22Agro,flg22 001,flg22 005,flg22 006,flg22 007
QvFLS2,100,54.28167521,92.89173673,48.81344054,123.7634876,150.5503988
FcFLS2,100,0.244715928,-0.39466881,0.674619295,-0.547009151,2.156291082
SynFcFLS2 V1,100,2.958371451,152.389727,-0.020415914,113.2894645,86.72631127
SynFcFLS2 V3,100,3.554119009,12.39021145,-5.118076592,98.14401863,30.2961603
SynFcFLS2 V2,100,-0.590538938,20.12460411,1.132379641,14.27490124,6.96961555
