Receptor,flg22Pae,flg22Agro,flg22 001,flg22 005,flg22 006,flg22 007
QvFLS2,100,50.9202183,86.7841433,68.7211863,111.152441,156.725316
SynFcFLS2 V1,100,NA,147.4560622,NA,137.3883802,77.07125036
SynFcFLS2 V3,100,NA,12.47928362,NA,100.8356207,15.41440166
SynFcFLS2 V2,100,NA,29.46764903,NA,21.80844716,10.94933638
FcFLS2,100,NA,NA,NA,NA,NA
