Receptor,flg22Pae,flg22Agro,flg22 001,flg22 005,flg22 006,flg22 007
QvFLS2,100,50.92021833,86.78414328,68.72118626,111.1524412,156.7253162
FcFLS2,100,0.836160291,0.502597008,0.674619295,0,2.911382509
SynFcFLS2 V1,100,2.872837184,120.0885153,0.499253171,102.4146641,82.91766731
SynFcFLS2 V3,100,3.554119009,12.39021145,0,98.14401863,30.2961603
SynFcFLS2 V2,100,0,20.12460411,1.132379641,14.27490124,6.96961555
