Receptor,flg22Pae,flg22Agro,flg22 001,flg22 002,flg22 004,flg22 005,flg22 006,flg22 007,flg22 008,flg22 009
NbFLS2,100,0.396515206,0.326674786,0,0,0,0,0.420529406,0,0
FLS2XL,100,92.8733088,0,50.65126145,31.18968496,2.521062242,0,0,0,0
TjFLS2,100,26.49471988,31.34533546,15.42529903,0,1.08837304,28.61178986,22.56057829,1.029830992,0
QvFLS2,100,7.374751457,44.54612277,0,1.569689285,0.217491369,42.84013389,32.04993503,0,0
