Receptor,flg22Pae,flg22Agro,flg22 001,flg22 002,flg22 004,flg22 005,flg22 006,flg22 007,flg22 008,flg22 009
NbFLS2,100,1.220573334,0.604196984,-0.021847522,-0.446744154,2.090867155,-0.272349146,2.037707067,0.036017886,0
FLS2XL,100,92.8733088,-0.599549722,50.65126145,31.18968496,31.10484672,-23.06115258,16.54226864,-22.48454368,0
TjFLS2,100,26.49471988,31.34533546,15.42529903,-0.390098247,1.08837304,28.61178986,22.56057829,1.029830992,0
QvFLS2,100,4.186249129,38.74452086,2.217941771,8.62463161,1.933979369,35.21729261,25.28265116,0,0
