Receptor,flg22Pae,flg22Agro,flg22 001,flg22 002,flg22 004,flg22 006,flg22 007
FLS2XL,100,139.2266,-4.05198,66.81929,58.92578,8.200898,9.69023
VrFLS2,100,5.824254,81.69305,3.971745,36.33891,4.515941,1.300978
SynVrFLS2 V1,100,135.1968,90.42115,45.86734,5.569624,7.554307,26.45504
SynVrFLS2 V4,100,60.34756,4.503505,0.362041,0.343487,-1.28864,0.983001
SynVrFLS2 V2,100,40.4362,-4.47303,-3.45863,-3.37706,1.893266,3.584554
