Receptor,flg22Pae,flg22Agro,flg22 001,flg22 002,flg22 004,flg22 006,flg22 007
FLS2XL,100,139.2265947,NA,66.81929052,58.92578231,NA,NA
SynVrFLS2 V1,100,135.1968337,90.42114595,45.86734439,NA,NA,26.45504276
SynVrFLS2 V4,100,47.2993716,NA,NA,NA,NA,NA
SynVrFLS2 V2,100,43.72714353,NA,NA,NA,NA,NA
VrFLS2,100,NA,81.69304922,NA,36.33891273,NA,NA
