Receptor,flg22Pae,flg22Agro,flg22 001,flg22 002,flg22 004
FLS2XL,100,136.3929023,-3.343061269,66.88690609,58.92578231
VrFLS2,100,4.080932216,83.9911571,1.713654897,35.85927971
SynVrFLS2 V1,100,101.0991714,68.37176294,3.647021,-0.695189923
SynVrFLS2 V4,100,60.34755928,4.503505366,0.362040824,0.34348674
SynVrFLS2 V2,100,40.43620261,-4.473031365,-3.458632457,-3.377057673
