Receptor,flg22Pae,flg22Agro,flg22 001,flg22 002,flg22 004,flg22 005,flg22 006,flg22 007,flg22 008,flg22 009
NbFLS2,100,NA,NA,NA,NA,NA,NA,NA,NA,NA
FLS2XL,100,139.2265947,NA,66.81929052,58.92578231,NA,NA,NA,NA,NA
TjFLS2,100,49.376553,91.2756953,58.5714513,NA,NA,54.2771216,65.5646508,NA,NA
QvFLS2,100,50.9202183,86.7841433,NA,NA,68.7211863,111.152441,156.725316,NA,NA
