Receptor,flg22Pae,flg22Agro,flg22 001,flg22 002,flg22 004,flg22 006
FLS2XL,98.46932935,70.75036881,NA,34.57007927,41.23129613,NA
QvFLS2,98.46932935,32.49010407,55.3734045,NA,NA,70.92181654