Receptor,flg22Pae,flg22Agro,flg22 001,flg22 002,flg22 004,flg22 006
NbFLS2,89.96653508,N/A,N/A,N/A,N/A,N/A
FLS2XL,89.96653508,99.75825812,N/A,48.74392812,58.1362663,N/A
QvFLS2,89.96653508,45.81115608,78.0766867,N/A,N/A,100