Receptor,flg22Pae,flg22Agro,flg22 001,flg22 005,flg22 006,flg22 007
QvFLS2,100,50.9202183,86.7841433,68.7211863,111.152441,156.725316
SynFcFLS2 V1,100,NA,170.2355465,NA,137.7376864,NA
SynFcFLS2 V2,100,NA,28.3386578,NA,21.50923822,NA
FcFLS2,100,NA,NA,NA,NA,NA
