Receptor,flg22Pae,flg22Agro,flg22 001,flg22 002,flg22 004,flg22 006,flg22 007
FLS2XL,100,135.330656,NA,66.8192905,58.9257823,10.9755918,12.8782299
SynVrFLS2 V1,100,153.8621,119.537365,64.3809532,NA,NA,36.106952
SynVrFLS2 V4,100,36.5591453,NA,NA,NA,NA,NA
VrFLS2,100,NA,81.69304922,NA,36.33891273,NA,NA
