LRR,Brassicales,Fagales,Rosales
1,0.053570853,0.051716413,0.083911892
2,0.13614055,0.157682356,0.229604745
3,0.150971072,0.120881947,0.21561055
4,0.220819684,0.195310949,0.236940337
5,0.356719985,0.18558606,0.383691095
6,0.199602238,0.055556183,0.202009756
7,0.310321592,0.158626352,0.271166273
8,0.196311338,0.150780834,0.299665547
9,0.149264051,0.187838175,0.166795167
10,0.15312412,0.022755651,0.134937382
11,0.088391242,0.071531125,0.092556216
12,0.164135187,0.096764313,0.174025332
13,0.111653444,0.123473165,0.212325053
14,0.250195412,0.253844608,0.19490178
15,0.231891692,0.182832849,0.153850076
16,0.207030681,0.244661345,0.328971189
17,0.152344469,0.219981213,0.299783199
18,0.376414001,0.169653868,0.244085909
19,0.318850531,0.083725193,0.105136667
20,0.204029037,0.243531946,0.271460412
21,0.17379777,0.09184192,0.165065589
22,0.111297787,0.092217626,0.091380247
23,0.129126226,0.027683282,0.082159574
24,0.068743978,0.059991751,0.078406912
25,0.17808569,0.03818607,0.107534391
26,0.0989244,0.102479269,0.10631556
27,0.106500565,0.086576622,0.124119239
28,0.114609166,0.059499599,0.070348987
