Receptor,Pae,Atu,Ddi,Pvi,Rso_1,Rso_2
QvFLS2,100,63.46059354,87.387611,21.22791401,124.2670158,150.7495029
FcFLS2,100,0.67388843,0,0.517223397,0,2.395469325
SynFcFLS2 V1,100,4.137883927,104.7552414,1.129995749,102.5688831,99.44890216
SynFcFLS2 V2,100,0,25.87661297,0.28888563,14.97950076,3.577270521
SynFcFLS2 V3,100,3.551846249,13.02027314,0,98.19765148,30.29270792
