Receptor,Pae,Atu,Ddi,Rrh,Eam
FLS2XL,100,127.0636916,0,67.7758982,50.31747289
VrFLS2,100,3.001667486,83.14171888,0,30.0747035
SynVrFLS2 V1,100,84.70978037,63.74406087,3.647021,0
SynVrFLS2 V4,100,64.67483656,5.149965205,0.355851475,0.346243764
SynVrFLS2 V2,100,37.43509395,0,0,0
